id,cluster
GIS_cellMix_HepG2-A549-H9-HEYA8_5primeSingleCellcDNAPacBio_Rep1_Run2_demultiplexed_chr9_1_1000000_AAACCGCTCACTTCCG,cluster0
GIS_cellMix_HepG2-A549-H9-HEYA8_5primeSingleCellcDNAPacBio_Rep1_Run2_demultiplexed_chr9_1_1000000_AACCCCTGTATCGCTC,cluster0
GIS_cellMix_HepG2-A549-H9-HEYA8_5primeSingleCellcDNAPacBio_Rep1_Run2_demultiplexed_chr9_1_1000000_AACGGGTCAGTGAAGC,cluster0
GIS_cellMix_HepG2-A549-H9-HEYA8_5primeSingleCellcDNAPacBio_Rep1_Run2_demultiplexed_chr9_1_1000000_AAGCATTTCATCCGCC,cluster0
GIS_cellMix_HepG2-A549-H9-HEYA8_5primeSingleCellcDNAPacBio_Rep1_Run2_demultiplexed_chr9_1_1000000_AAGGCCCGTCGCTTGT,cluster0
GIS_cellMix_HepG2-A549-H9-HEYA8_5primeSingleCellcDNAPacBio_Rep1_Run2_demultiplexed_chr9_1_1000000_AAGGGCCAGGCCCCAA,cluster0
GIS_cellMix_HepG2-A549-H9-HEYA8_5primeSingleCellcDNAPacBio_Rep1_Run2_demultiplexed_chr9_1_1000000_AAGTAGCAGGTCGCAT,cluster0
GIS_cellMix_HepG2-A549-H9-HEYA8_5primeSingleCellcDNAPacBio_Rep1_Run2_demultiplexed_chr9_1_1000000_AATCTAGGTCCAACAG,cluster0
GIS_cellMix_HepG2-A549-H9-HEYA8_5primeSingleCellcDNAPacBio_Rep1_Run2_demultiplexed_chr9_1_1000000_AATTACCAGAACAGAC,cluster0
GIS_cellMix_HepG2-A549-H9-HEYA8_5primeSingleCellcDNAPacBio_Rep1_Run2_demultiplexed_chr9_1_1000000_ACAATTGGTGCTCCTG,cluster0
GIS_cellMix_HepG2-A549-H9-HEYA8_5primeSingleCellcDNAPacBio_Rep1_Run2_demultiplexed_chr9_1_1000000_ACACGGAAGCTGTGGT,cluster0
GIS_cellMix_HepG2-A549-H9-HEYA8_5primeSingleCellcDNAPacBio_Rep1_Run2_demultiplexed_chr9_1_1000000_ACAGAGCCAGTCTCGA,cluster0
GIS_cellMix_HepG2-A549-H9-HEYA8_5primeSingleCellcDNAPacBio_Rep1_Run2_demultiplexed_chr9_1_1000000_ACCCAACAGGGCTGAA,cluster0
GIS_cellMix_HepG2-A549-H9-HEYA8_5primeSingleCellcDNAPacBio_Rep1_Run2_demultiplexed_chr9_1_1000000_ACGTGGGCAGTATGGA,cluster0
GIS_cellMix_HepG2-A549-H9-HEYA8_5primeSingleCellcDNAPacBio_Rep1_Run2_demultiplexed_chr9_1_1000000_ACTCCCGGTATCCGCT,cluster0
GIS_cellMix_HepG2-A549-H9-HEYA8_5primeSingleCellcDNAPacBio_Rep1_Run2_demultiplexed_chr9_1_1000000_AGAGTAGGTAGGCATT,cluster0
GIS_cellMix_HepG2-A549-H9-HEYA8_5primeSingleCellcDNAPacBio_Rep1_Run2_demultiplexed_chr9_1_1000000_AGCCGCATCGCCACTC,cluster0
GIS_cellMix_HepG2-A549-H9-HEYA8_5primeSingleCellcDNAPacBio_Rep1_Run2_demultiplexed_chr9_1_1000000_AGCGGTCGTAAGGTAG,cluster0
GIS_cellMix_HepG2-A549-H9-HEYA8_5primeSingleCellcDNAPacBio_Rep1_Run2_demultiplexed_chr9_1_1000000_AGCGTGTTCACAACAT,cluster0
GIS_cellMix_HepG2-A549-H9-HEYA8_5primeSingleCellcDNAPacBio_Rep1_Run2_demultiplexed_chr9_1_1000000_AGGGGTCAGAGCAACG,cluster0
GIS_cellMix_HepG2-A549-H9-HEYA8_5primeSingleCellcDNAPacBio_Rep1_Run2_demultiplexed_chr9_1_1000000_AGGTTCTCAGCAGGAT,cluster0
GIS_cellMix_HepG2-A549-H9-HEYA8_5primeSingleCellcDNAPacBio_Rep1_Run2_demultiplexed_chr9_1_1000000_AGTTGCGGTCGGTATG,cluster0
GIS_cellMix_HepG2-A549-H9-HEYA8_5primeSingleCellcDNAPacBio_Rep1_Run2_demultiplexed_chr9_1_1000000_AGTTTACAGCTGTATG,cluster0
GIS_cellMix_HepG2-A549-H9-HEYA8_5primeSingleCellcDNAPacBio_Rep1_Run2_demultiplexed_chr9_1_1000000_ATAGCGGAGGGCCATT,cluster0
GIS_cellMix_HepG2-A549-H9-HEYA8_5primeSingleCellcDNAPacBio_Rep1_Run2_demultiplexed_chr9_1_1000000_ATCGAGACAGTTAGCT,cluster0
GIS_cellMix_HepG2-A549-H9-HEYA8_5primeSingleCellcDNAPacBio_Rep1_Run2_demultiplexed_chr9_1_1000000_ATGCAATTCCTATCCG,cluster0
GIS_cellMix_HepG2-A549-H9-HEYA8_5primeSingleCellcDNAPacBio_Rep1_Run2_demultiplexed_chr9_1_1000000_ATGCAGCTCACAACAT,cluster0
GIS_cellMix_HepG2-A549-H9-HEYA8_5primeSingleCellcDNAPacBio_Rep1_Run2_demultiplexed_chr9_1_1000000_ATGCTCGCACTTAAAT,cluster0
GIS_cellMix_HepG2-A549-H9-HEYA8_5primeSingleCellcDNAPacBio_Rep1_Run2_demultiplexed_chr9_1_1000000_CAAATCGTCGCCATAA,cluster0
GIS_cellMix_HepG2-A549-H9-HEYA8_5primeSingleCellcDNAPacBio_Rep1_Run2_demultiplexed_chr9_1_1000000_CAATCACCAAAACTAA,cluster0
GIS_cellMix_HepG2-A549-H9-HEYA8_5primeSingleCellcDNAPacBio_Rep1_Run2_demultiplexed_chr9_1_1000000_CAATTCTGTAATCGCG,cluster0
GIS_cellMix_HepG2-A549-H9-HEYA8_5primeSingleCellcDNAPacBio_Rep1_Run2_demultiplexed_chr9_1_1000000_CCAACTCGTACGTTGG,cluster0
GIS_cellMix_HepG2-A549-H9-HEYA8_5primeSingleCellcDNAPacBio_Rep1_Run2_demultiplexed_chr9_1_1000000_CCACCGTTCGTAGTCA,cluster0
GIS_cellMix_HepG2-A549-H9-HEYA8_5primeSingleCellcDNAPacBio_Rep1_Run2_demultiplexed_chr9_1_1000000_CCACGGGGTAACGAGA,cluster0
GIS_cellMix_HepG2-A549-H9-HEYA8_5primeSingleCellcDNAPacBio_Rep1_Run2_demultiplexed_chr9_1_1000000_CCAGTAGGTCGAGGGA,cluster0
GIS_cellMix_HepG2-A549-H9-HEYA8_5primeSingleCellcDNAPacBio_Rep1_Run2_demultiplexed_chr9_1_1000000_CCGTTGGAGGGAATGT,cluster0
GIS_cellMix_HepG2-A549-H9-HEYA8_5primeSingleCellcDNAPacBio_Rep1_Run2_demultiplexed_chr9_1_1000000_CCTAGACAGCAGCTGT,cluster0
GIS_cellMix_HepG2-A549-H9-HEYA8_5primeSingleCellcDNAPacBio_Rep1_Run2_demultiplexed_chr9_1_1000000_CCTTATCAGCTAGGTC,cluster0
GIS_cellMix_HepG2-A549-H9-HEYA8_5primeSingleCellcDNAPacBio_Rep1_Run2_demultiplexed_chr9_1_1000000_CGAGTAACACTTAAAT,cluster0
GIS_cellMix_HepG2-A549-H9-HEYA8_5primeSingleCellcDNAPacBio_Rep1_Run2_demultiplexed_chr9_1_1000000_CGCAGTAGTAACATGC,cluster0
GIS_cellMix_HepG2-A549-H9-HEYA8_5primeSingleCellcDNAPacBio_Rep1_Run2_demultiplexed_chr9_1_1000000_CGCATCACACCCTTAC,cluster0
GIS_cellMix_HepG2-A549-H9-HEYA8_5primeSingleCellcDNAPacBio_Rep1_Run2_demultiplexed_chr9_1_1000000_CGTACAGGTCCGGCCT,cluster0
GIS_cellMix_HepG2-A549-H9-HEYA8_5primeSingleCellcDNAPacBio_Rep1_Run2_demultiplexed_chr9_1_1000000_CGTACATCACGATGTT,cluster0
GIS_cellMix_HepG2-A549-H9-HEYA8_5primeSingleCellcDNAPacBio_Rep1_Run2_demultiplexed_chr9_1_1000000_CGTGTCTGTACATATG,cluster0
GIS_cellMix_HepG2-A549-H9-HEYA8_5primeSingleCellcDNAPacBio_Rep1_Run2_demultiplexed_chr9_1_1000000_CGTTTAGAGCCGATAC,cluster0
GIS_cellMix_HepG2-A549-H9-HEYA8_5primeSingleCellcDNAPacBio_Rep1_Run2_demultiplexed_chr9_1_1000000_CTAAACCCAATGCTAC,cluster0
GIS_cellMix_HepG2-A549-H9-HEYA8_5primeSingleCellcDNAPacBio_Rep1_Run2_demultiplexed_chr9_1_1000000_CTACAATAGACGCGAA,cluster0
GIS_cellMix_HepG2-A549-H9-HEYA8_5primeSingleCellcDNAPacBio_Rep1_Run2_demultiplexed_chr9_1_1000000_CTCGATAAGGTCCCGA,cluster0
GIS_cellMix_HepG2-A549-H9-HEYA8_5primeSingleCellcDNAPacBio_Rep1_Run2_demultiplexed_chr9_1_1000000_CTCTCCGCACATAACC,cluster0
GIS_cellMix_HepG2-A549-H9-HEYA8_5primeSingleCellcDNAPacBio_Rep1_Run2_demultiplexed_chr9_1_1000000_CTGACGTAGCCTTAAG,cluster0
GIS_cellMix_HepG2-A549-H9-HEYA8_5primeSingleCellcDNAPacBio_Rep1_Run2_demultiplexed_chr9_1_1000000_CTGGTGAGTGGAAGTA,cluster0
GIS_cellMix_HepG2-A549-H9-HEYA8_5primeSingleCellcDNAPacBio_Rep1_Run2_demultiplexed_chr9_1_1000000_CTGTAACCAGTACGCC,cluster0
GIS_cellMix_HepG2-A549-H9-HEYA8_5primeSingleCellcDNAPacBio_Rep1_Run2_demultiplexed_chr9_1_1000000_CTGTATTGTATGTACA,cluster0
GIS_cellMix_HepG2-A549-H9-HEYA8_5primeSingleCellcDNAPacBio_Rep1_Run2_demultiplexed_chr9_1_1000000_GCACGTTAGGGTTCCG,cluster0
GIS_cellMix_HepG2-A549-H9-HEYA8_5primeSingleCellcDNAPacBio_Rep1_Run2_demultiplexed_chr9_1_1000000_GCTTACTTCGCTACTT,cluster0
GIS_cellMix_HepG2-A549-H9-HEYA8_5primeSingleCellcDNAPacBio_Rep1_Run2_demultiplexed_chr9_1_1000000_GGAAATGGTCACGCTT,cluster0
GIS_cellMix_HepG2-A549-H9-HEYA8_5primeSingleCellcDNAPacBio_Rep1_Run2_demultiplexed_chr9_1_1000000_GGACACAAGATTGTGT,cluster0
GIS_cellMix_HepG2-A549-H9-HEYA8_5primeSingleCellcDNAPacBio_Rep1_Run2_demultiplexed_chr9_1_1000000_GGCATTGGTGCCTCGC,cluster0
GIS_cellMix_HepG2-A549-H9-HEYA8_5primeSingleCellcDNAPacBio_Rep1_Run2_demultiplexed_chr9_1_1000000_GGGAGATGTGGAAGTA,cluster0
GIS_cellMix_HepG2-A549-H9-HEYA8_5primeSingleCellcDNAPacBio_Rep1_Run2_demultiplexed_chr9_1_1000000_GGGATCAAGGCATACC,cluster0
GIS_cellMix_HepG2-A549-H9-HEYA8_5primeSingleCellcDNAPacBio_Rep1_Run2_demultiplexed_chr9_1_1000000_GGGTTGAAGCAAGAGT,cluster0
GIS_cellMix_HepG2-A549-H9-HEYA8_5primeSingleCellcDNAPacBio_Rep1_Run2_demultiplexed_chr9_1_1000000_GGTACTATCCGTTACT,cluster0
GIS_cellMix_HepG2-A549-H9-HEYA8_5primeSingleCellcDNAPacBio_Rep1_Run2_demultiplexed_chr9_1_1000000_GTAATTCAGACCTATG,cluster0
GIS_cellMix_HepG2-A549-H9-HEYA8_5primeSingleCellcDNAPacBio_Rep1_Run2_demultiplexed_chr9_1_1000000_GTCTCGCTCCGACTCC,cluster0
GIS_cellMix_HepG2-A549-H9-HEYA8_5primeSingleCellcDNAPacBio_Rep1_Run2_demultiplexed_chr9_1_1000000_AATTACCAGCGATGAG,cluster1
GIS_cellMix_HepG2-A549-H9-HEYA8_5primeSingleCellcDNAPacBio_Rep1_Run2_demultiplexed_chr9_1_1000000_ACATCTTGTAGGCCGT,cluster1
GIS_cellMix_HepG2-A549-H9-HEYA8_5primeSingleCellcDNAPacBio_Rep1_Run2_demultiplexed_chr9_1_1000000_ACATGCTCAATCGGGG,cluster1
GIS_cellMix_HepG2-A549-H9-HEYA8_5primeSingleCellcDNAPacBio_Rep1_Run2_demultiplexed_chr9_1_1000000_ACGACACTCATGGCCG,cluster1
GIS_cellMix_HepG2-A549-H9-HEYA8_5primeSingleCellcDNAPacBio_Rep1_Run2_demultiplexed_chr9_1_1000000_ACGAGTTGTCAGCCTT,cluster1
GIS_cellMix_HepG2-A549-H9-HEYA8_5primeSingleCellcDNAPacBio_Rep1_Run2_demultiplexed_chr9_1_1000000_ACTCAGGGTGCTTCGT,cluster1
GIS_cellMix_HepG2-A549-H9-HEYA8_5primeSingleCellcDNAPacBio_Rep1_Run2_demultiplexed_chr9_1_1000000_AGACTCGGTATACTTC,cluster1
GIS_cellMix_HepG2-A549-H9-HEYA8_5primeSingleCellcDNAPacBio_Rep1_Run2_demultiplexed_chr9_1_1000000_AGGTTTAGTAACTGCG,cluster1
GIS_cellMix_HepG2-A549-H9-HEYA8_5primeSingleCellcDNAPacBio_Rep1_Run2_demultiplexed_chr9_1_1000000_AGTAACGCACTGACGC,cluster1
GIS_cellMix_HepG2-A549-H9-HEYA8_5primeSingleCellcDNAPacBio_Rep1_Run2_demultiplexed_chr9_1_1000000_ATACTTCGTCACTAGG,cluster1
GIS_cellMix_HepG2-A549-H9-HEYA8_5primeSingleCellcDNAPacBio_Rep1_Run2_demultiplexed_chr9_1_1000000_ATGGGGCAGGCCATAC,cluster1
GIS_cellMix_HepG2-A549-H9-HEYA8_5primeSingleCellcDNAPacBio_Rep1_Run2_demultiplexed_chr9_1_1000000_ATGTGTCCAAATTCGC,cluster1
GIS_cellMix_HepG2-A549-H9-HEYA8_5primeSingleCellcDNAPacBio_Rep1_Run2_demultiplexed_chr9_1_1000000_CAAGGGCAGCGCCCAA,cluster1
GIS_cellMix_HepG2-A549-H9-HEYA8_5primeSingleCellcDNAPacBio_Rep1_Run2_demultiplexed_chr9_1_1000000_CAATAGGCAACCTGCA,cluster1
GIS_cellMix_HepG2-A549-H9-HEYA8_5primeSingleCellcDNAPacBio_Rep1_Run2_demultiplexed_chr9_1_1000000_CAATTAATCCACCCGT,cluster1
GIS_cellMix_HepG2-A549-H9-HEYA8_5primeSingleCellcDNAPacBio_Rep1_Run2_demultiplexed_chr9_1_1000000_CAGTATTAGCAAGACG,cluster1
GIS_cellMix_HepG2-A549-H9-HEYA8_5primeSingleCellcDNAPacBio_Rep1_Run2_demultiplexed_chr9_1_1000000_CCACGTTGTGCTCTGT,cluster1
GIS_cellMix_HepG2-A549-H9-HEYA8_5primeSingleCellcDNAPacBio_Rep1_Run2_demultiplexed_chr9_1_1000000_CCATAGCAGCGCATTA,cluster1
GIS_cellMix_HepG2-A549-H9-HEYA8_5primeSingleCellcDNAPacBio_Rep1_Run2_demultiplexed_chr9_1_1000000_CGATGAGAGCTACAAT,cluster1
GIS_cellMix_HepG2-A549-H9-HEYA8_5primeSingleCellcDNAPacBio_Rep1_Run2_demultiplexed_chr9_1_1000000_CGGTCATAGCACCTAA,cluster1
GIS_cellMix_HepG2-A549-H9-HEYA8_5primeSingleCellcDNAPacBio_Rep1_Run2_demultiplexed_chr9_1_1000000_CGTCAAATCACTCGCC,cluster1
GIS_cellMix_HepG2-A549-H9-HEYA8_5primeSingleCellcDNAPacBio_Rep1_Run2_demultiplexed_chr9_1_1000000_CTAACCCGTAAGCATC,cluster1
GIS_cellMix_HepG2-A549-H9-HEYA8_5primeSingleCellcDNAPacBio_Rep1_Run2_demultiplexed_chr9_1_1000000_CTAGTCAAGGCATTCA,cluster1
GIS_cellMix_HepG2-A549-H9-HEYA8_5primeSingleCellcDNAPacBio_Rep1_Run2_demultiplexed_chr9_1_1000000_CTCGTTTAGAAGGGCC,cluster1
GIS_cellMix_HepG2-A549-H9-HEYA8_5primeSingleCellcDNAPacBio_Rep1_Run2_demultiplexed_chr9_1_1000000_CTGGATGGTAGGGGCA,cluster1
GIS_cellMix_HepG2-A549-H9-HEYA8_5primeSingleCellcDNAPacBio_Rep1_Run2_demultiplexed_chr9_1_1000000_GCAATGTGTACTCGAG,cluster1
GIS_cellMix_HepG2-A549-H9-HEYA8_5primeSingleCellcDNAPacBio_Rep1_Run2_demultiplexed_chr9_1_1000000_GGACGTTTCGTTATGG,cluster1
GIS_cellMix_HepG2-A549-H9-HEYA8_5primeSingleCellcDNAPacBio_Rep1_Run2_demultiplexed_chr9_1_1000000_GGAGTGGGTAATGTCA,cluster1
GIS_cellMix_HepG2-A549-H9-HEYA8_5primeSingleCellcDNAPacBio_Rep1_Run2_demultiplexed_chr9_1_1000000_GGCTGAAAGCTACATG,cluster1
GIS_cellMix_HepG2-A549-H9-HEYA8_5primeSingleCellcDNAPacBio_Rep1_Run2_demultiplexed_chr9_1_1000000_GGGTTCAGTCATTTCG,cluster1
GIS_cellMix_HepG2-A549-H9-HEYA8_5primeSingleCellcDNAPacBio_Rep1_Run2_demultiplexed_chr9_1_1000000_GTCGGTCCACCCTTCG,cluster1
GIS_cellMix_HepG2-A549-H9-HEYA8_5primeSingleCellcDNAPacBio_Rep1_Run2_demultiplexed_chr9_1_1000000_AAACCTCCAAGACAGC,cluster2
GIS_cellMix_HepG2-A549-H9-HEYA8_5primeSingleCellcDNAPacBio_Rep1_Run2_demultiplexed_chr9_1_1000000_AAACGCACAGTTCGCA,cluster2
GIS_cellMix_HepG2-A549-H9-HEYA8_5primeSingleCellcDNAPacBio_Rep1_Run2_demultiplexed_chr9_1_1000000_AAGCCGGCACGCTCAA,cluster2
GIS_cellMix_HepG2-A549-H9-HEYA8_5primeSingleCellcDNAPacBio_Rep1_Run2_demultiplexed_chr9_1_1000000_AATTGGTTCCGGCACA,cluster2
GIS_cellMix_HepG2-A549-H9-HEYA8_5primeSingleCellcDNAPacBio_Rep1_Run2_demultiplexed_chr9_1_1000000_ACAGGCTTCAGCTAAT,cluster2
GIS_cellMix_HepG2-A549-H9-HEYA8_5primeSingleCellcDNAPacBio_Rep1_Run2_demultiplexed_chr9_1_1000000_ACTCTATGTCCGTAAG,cluster2
GIS_cellMix_HepG2-A549-H9-HEYA8_5primeSingleCellcDNAPacBio_Rep1_Run2_demultiplexed_chr9_1_1000000_ACTGGGGCAAGACAGC,cluster2
GIS_cellMix_HepG2-A549-H9-HEYA8_5primeSingleCellcDNAPacBio_Rep1_Run2_demultiplexed_chr9_1_1000000_AGACATAAGCTCGAAC,cluster2
GIS_cellMix_HepG2-A549-H9-HEYA8_5primeSingleCellcDNAPacBio_Rep1_Run2_demultiplexed_chr9_1_1000000_AGGAAACTCCGACTAA,cluster2
GIS_cellMix_HepG2-A549-H9-HEYA8_5primeSingleCellcDNAPacBio_Rep1_Run2_demultiplexed_chr9_1_1000000_AGGTGATAGGCTTCAA,cluster2
GIS_cellMix_HepG2-A549-H9-HEYA8_5primeSingleCellcDNAPacBio_Rep1_Run2_demultiplexed_chr9_1_1000000_ATTCACGAGCGTTTGA,cluster2
GIS_cellMix_HepG2-A549-H9-HEYA8_5primeSingleCellcDNAPacBio_Rep1_Run2_demultiplexed_chr9_1_1000000_CAATCGGGTACAAGCT,cluster2
GIS_cellMix_HepG2-A549-H9-HEYA8_5primeSingleCellcDNAPacBio_Rep1_Run2_demultiplexed_chr9_1_1000000_CACCCTGGTGGAAATG,cluster2
GIS_cellMix_HepG2-A549-H9-HEYA8_5primeSingleCellcDNAPacBio_Rep1_Run2_demultiplexed_chr9_1_1000000_CACCTAAAGCGATGGA,cluster2
GIS_cellMix_HepG2-A549-H9-HEYA8_5primeSingleCellcDNAPacBio_Rep1_Run2_demultiplexed_chr9_1_1000000_CGTACATCACTCACCT,cluster2
GIS_cellMix_HepG2-A549-H9-HEYA8_5primeSingleCellcDNAPacBio_Rep1_Run2_demultiplexed_chr9_1_1000000_CTGGTAATCCTGTTCG,cluster2
GIS_cellMix_HepG2-A549-H9-HEYA8_5primeSingleCellcDNAPacBio_Rep1_Run2_demultiplexed_chr9_1_1000000_CTTAGTGAGGTCCGAT,cluster2
GIS_cellMix_HepG2-A549-H9-HEYA8_5primeSingleCellcDNAPacBio_Rep1_Run2_demultiplexed_chr9_1_1000000_GCATAATTCCCGTGTC,cluster2
GIS_cellMix_HepG2-A549-H9-HEYA8_5primeSingleCellcDNAPacBio_Rep1_Run2_demultiplexed_chr9_1_1000000_GCATACATCACTCATC,cluster2
GIS_cellMix_HepG2-A549-H9-HEYA8_5primeSingleCellcDNAPacBio_Rep1_Run2_demultiplexed_chr9_1_1000000_GGGATCAAGATCTGCA,cluster2
GIS_cellMix_HepG2-A549-H9-HEYA8_5primeSingleCellcDNAPacBio_Rep1_Run2_demultiplexed_chr9_1_1000000_AGTCTGGGTGGTATGT,cluster3
GIS_cellMix_HepG2-A549-H9-HEYA8_5primeSingleCellcDNAPacBio_Rep1_Run2_demultiplexed_chr9_1_1000000_ATGGACACAGCAAGAC,cluster3
GIS_cellMix_HepG2-A549-H9-HEYA8_5primeSingleCellcDNAPacBio_Rep1_Run2_demultiplexed_chr9_1_1000000_CAAGTCTCACAAGACA,cluster3
GIS_cellMix_HepG2-A549-H9-HEYA8_5primeSingleCellcDNAPacBio_Rep1_Run2_demultiplexed_chr9_1_1000000_CAGTAGGAGGTGATTT,cluster3
GIS_cellMix_HepG2-A549-H9-HEYA8_5primeSingleCellcDNAPacBio_Rep1_Run2_demultiplexed_chr9_1_1000000_CCTGCAGAGAGGGCGT,cluster3
GIS_cellMix_HepG2-A549-H9-HEYA8_5primeSingleCellcDNAPacBio_Rep1_Run2_demultiplexed_chr9_1_1000000_CTGACTCGTGGTATTA,cluster3
GIS_cellMix_HepG2-A549-H9-HEYA8_5primeSingleCellcDNAPacBio_Rep1_Run2_demultiplexed_chr9_1_1000000_CTTATAGCAACACGAA,cluster3
GIS_cellMix_HepG2-A549-H9-HEYA8_5primeSingleCellcDNAPacBio_Rep1_Run2_demultiplexed_chr9_1_1000000_CTTGGCGAGGCCACAT,cluster3
GIS_cellMix_HepG2-A549-H9-HEYA8_5primeSingleCellcDNAPacBio_Rep1_Run2_demultiplexed_chr9_1_1000000_CTTGTGCGTCTTAATC,cluster3
GIS_cellMix_HepG2-A549-H9-HEYA8_5primeSingleCellcDNAPacBio_Rep1_Run2_demultiplexed_chr9_1_1000000_GCGACAGCACATGCGC,cluster3
GIS_cellMix_HepG2-A549-H9-HEYA8_5primeSingleCellcDNAPacBio_Rep1_Run2_demultiplexed_chr9_1_1000000_GGGGTAATCCCACGCT,cluster3
GIS_cellMix_HepG2-A549-H9-HEYA8_5primeSingleCellcDNAPacBio_Rep1_Run2_demultiplexed_chr9_1_1000000_GGGGTTAAGGGGCGAT,cluster3
GIS_cellMix_HepG2-A549-H9-HEYA8_5primeSingleCellcDNA_Rep1_Run1_demultiplexed_chr9_1_1000000_AAACCGCTCAGCCCTC,cluster0
GIS_cellMix_HepG2-A549-H9-HEYA8_5primeSingleCellcDNA_Rep1_Run1_demultiplexed_chr9_1_1000000_AAACTCCCACCATAAC,cluster0
GIS_cellMix_HepG2-A549-H9-HEYA8_5primeSingleCellcDNA_Rep1_Run1_demultiplexed_chr9_1_1000000_AAATCTGGTATGTTAG,cluster0
GIS_cellMix_HepG2-A549-H9-HEYA8_5primeSingleCellcDNA_Rep1_Run1_demultiplexed_chr9_1_1000000_AACATAGAGCAGTCTA,cluster0
GIS_cellMix_HepG2-A549-H9-HEYA8_5primeSingleCellcDNA_Rep1_Run1_demultiplexed_chr9_1_1000000_AAGCCTATCCCGAAAC,cluster0
GIS_cellMix_HepG2-A549-H9-HEYA8_5primeSingleCellcDNA_Rep1_Run1_demultiplexed_chr9_1_1000000_AATGGGAGTAGTTTAG,cluster0
GIS_cellMix_HepG2-A549-H9-HEYA8_5primeSingleCellcDNA_Rep1_Run1_demultiplexed_chr9_1_1000000_AATGGGTAGAAAGCCG,cluster0
GIS_cellMix_HepG2-A549-H9-HEYA8_5primeSingleCellcDNA_Rep1_Run1_demultiplexed_chr9_1_1000000_AATGTGCGTGCTTCGT,cluster0
GIS_cellMix_HepG2-A549-H9-HEYA8_5primeSingleCellcDNA_Rep1_Run1_demultiplexed_chr9_1_1000000_AATTGGTTCCGGACAT,cluster0
GIS_cellMix_HepG2-A549-H9-HEYA8_5primeSingleCellcDNA_Rep1_Run1_demultiplexed_chr9_1_1000000_ACAGTTTAGCTACAGC,cluster0
GIS_cellMix_HepG2-A549-H9-HEYA8_5primeSingleCellcDNA_Rep1_Run1_demultiplexed_chr9_1_1000000_ACCCGATAGGGTACGA,cluster0
GIS_cellMix_HepG2-A549-H9-HEYA8_5primeSingleCellcDNA_Rep1_Run1_demultiplexed_chr9_1_1000000_ACGAGTTGTCAGCCTT,cluster0
GIS_cellMix_HepG2-A549-H9-HEYA8_5primeSingleCellcDNA_Rep1_Run1_demultiplexed_chr9_1_1000000_ACGTCAATCCCTAATC,cluster0
GIS_cellMix_HepG2-A549-H9-HEYA8_5primeSingleCellcDNA_Rep1_Run1_demultiplexed_chr9_1_1000000_ACGTCAGGTATGTACA,cluster0
GIS_cellMix_HepG2-A549-H9-HEYA8_5primeSingleCellcDNA_Rep1_Run1_demultiplexed_chr9_1_1000000_ACGTGGGCAGTATGGA,cluster0
GIS_cellMix_HepG2-A549-H9-HEYA8_5primeSingleCellcDNA_Rep1_Run1_demultiplexed_chr9_1_1000000_ACTCGATCACACTCAG,cluster0
GIS_cellMix_HepG2-A549-H9-HEYA8_5primeSingleCellcDNA_Rep1_Run1_demultiplexed_chr9_1_1000000_AGAAGCTAGACGAGGC,cluster0
GIS_cellMix_HepG2-A549-H9-HEYA8_5primeSingleCellcDNA_Rep1_Run1_demultiplexed_chr9_1_1000000_AGCAGATAGGTTCATG,cluster0
GIS_cellMix_HepG2-A549-H9-HEYA8_5primeSingleCellcDNA_Rep1_Run1_demultiplexed_chr9_1_1000000_AGCGTACTCAATGTGT,cluster0
GIS_cellMix_HepG2-A549-H9-HEYA8_5primeSingleCellcDNA_Rep1_Run1_demultiplexed_chr9_1_1000000_AGCTGCCCAGTCAACT,cluster0
GIS_cellMix_HepG2-A549-H9-HEYA8_5primeSingleCellcDNA_Rep1_Run1_demultiplexed_chr9_1_1000000_AGGACCAAGACGCCCA,cluster0
GIS_cellMix_HepG2-A549-H9-HEYA8_5primeSingleCellcDNA_Rep1_Run1_demultiplexed_chr9_1_1000000_AGGCTCAGTGTCATGG,cluster0
GIS_cellMix_HepG2-A549-H9-HEYA8_5primeSingleCellcDNA_Rep1_Run1_demultiplexed_chr9_1_1000000_AGGCTCCCAAAGCAAT,cluster0
GIS_cellMix_HepG2-A549-H9-HEYA8_5primeSingleCellcDNA_Rep1_Run1_demultiplexed_chr9_1_1000000_AGTCCCGAGATGGTTT,cluster0
GIS_cellMix_HepG2-A549-H9-HEYA8_5primeSingleCellcDNA_Rep1_Run1_demultiplexed_chr9_1_1000000_AGTCGGCGTAGGCCCG,cluster0
GIS_cellMix_HepG2-A549-H9-HEYA8_5primeSingleCellcDNA_Rep1_Run1_demultiplexed_chr9_1_1000000_ATCAGCTCAGTAGGCG,cluster0
GIS_cellMix_HepG2-A549-H9-HEYA8_5primeSingleCellcDNA_Rep1_Run1_demultiplexed_chr9_1_1000000_ATCGAAGCACACTGCA,cluster0
GIS_cellMix_HepG2-A549-H9-HEYA8_5primeSingleCellcDNA_Rep1_Run1_demultiplexed_chr9_1_1000000_ATGATGCGTACGCATG,cluster0
GIS_cellMix_HepG2-A549-H9-HEYA8_5primeSingleCellcDNA_Rep1_Run1_demultiplexed_chr9_1_1000000_ATGCTACCAGTTAACC,cluster0
GIS_cellMix_HepG2-A549-H9-HEYA8_5primeSingleCellcDNA_Rep1_Run1_demultiplexed_chr9_1_1000000_ATTCTAGCAAGGGGAA,cluster0
GIS_cellMix_HepG2-A549-H9-HEYA8_5primeSingleCellcDNA_Rep1_Run1_demultiplexed_chr9_1_1000000_CAAAGCTGTATATGTG,cluster0
GIS_cellMix_HepG2-A549-H9-HEYA8_5primeSingleCellcDNA_Rep1_Run1_demultiplexed_chr9_1_1000000_CAATATATCAGGGACA,cluster0
GIS_cellMix_HepG2-A549-H9-HEYA8_5primeSingleCellcDNA_Rep1_Run1_demultiplexed_chr9_1_1000000_CACAATCCACGCAGGA,cluster0
GIS_cellMix_HepG2-A549-H9-HEYA8_5primeSingleCellcDNA_Rep1_Run1_demultiplexed_chr9_1_1000000_CACGAGTTCGGCCATG,cluster0
GIS_cellMix_HepG2-A549-H9-HEYA8_5primeSingleCellcDNA_Rep1_Run1_demultiplexed_chr9_1_1000000_CAGTCAGGTAAACTGC,cluster0
GIS_cellMix_HepG2-A549-H9-HEYA8_5primeSingleCellcDNA_Rep1_Run1_demultiplexed_chr9_1_1000000_CAGTCGCCACGACACC,cluster0
GIS_cellMix_HepG2-A549-H9-HEYA8_5primeSingleCellcDNA_Rep1_Run1_demultiplexed_chr9_1_1000000_CAGTGCCCAAAAGCCA,cluster0
GIS_cellMix_HepG2-A549-H9-HEYA8_5primeSingleCellcDNA_Rep1_Run1_demultiplexed_chr9_1_1000000_CATACAAGTCCCTGTG,cluster0
GIS_cellMix_HepG2-A549-H9-HEYA8_5primeSingleCellcDNA_Rep1_Run1_demultiplexed_chr9_1_1000000_CATCTTCAGGGAGGTC,cluster0
GIS_cellMix_HepG2-A549-H9-HEYA8_5primeSingleCellcDNA_Rep1_Run1_demultiplexed_chr9_1_1000000_CCAACATCACGTTAGT,cluster0
GIS_cellMix_HepG2-A549-H9-HEYA8_5primeSingleCellcDNA_Rep1_Run1_demultiplexed_chr9_1_1000000_CCACGTTGTGCTCTGT,cluster0
GIS_cellMix_HepG2-A549-H9-HEYA8_5primeSingleCellcDNA_Rep1_Run1_demultiplexed_chr9_1_1000000_CCATAGCAGCGCATTA,cluster0
GIS_cellMix_HepG2-A549-H9-HEYA8_5primeSingleCellcDNA_Rep1_Run1_demultiplexed_chr9_1_1000000_CCATATCTCCGACCCT,cluster0
GIS_cellMix_HepG2-A549-H9-HEYA8_5primeSingleCellcDNA_Rep1_Run1_demultiplexed_chr9_1_1000000_CCGACTACAAAAGTTA,cluster0
GIS_cellMix_HepG2-A549-H9-HEYA8_5primeSingleCellcDNA_Rep1_Run1_demultiplexed_chr9_1_1000000_CCGATACAGCCCTAGG,cluster0
GIS_cellMix_HepG2-A549-H9-HEYA8_5primeSingleCellcDNA_Rep1_Run1_demultiplexed_chr9_1_1000000_CCGCAATAGCTGATAT,cluster0
GIS_cellMix_HepG2-A549-H9-HEYA8_5primeSingleCellcDNA_Rep1_Run1_demultiplexed_chr9_1_1000000_CCTTAGCGTATTCGTT,cluster0
GIS_cellMix_HepG2-A549-H9-HEYA8_5primeSingleCellcDNA_Rep1_Run1_demultiplexed_chr9_1_1000000_CGACGTTAGACCAGAG,cluster0
GIS_cellMix_HepG2-A549-H9-HEYA8_5primeSingleCellcDNA_Rep1_Run1_demultiplexed_chr9_1_1000000_CGATGAGAGCTACAAT,cluster0
GIS_cellMix_HepG2-A549-H9-HEYA8_5primeSingleCellcDNA_Rep1_Run1_demultiplexed_chr9_1_1000000_CGCATCACACCCTTAC,cluster0
GIS_cellMix_HepG2-A549-H9-HEYA8_5primeSingleCellcDNA_Rep1_Run1_demultiplexed_chr9_1_1000000_CGCGTATAGAATGTAG,cluster0
GIS_cellMix_HepG2-A549-H9-HEYA8_5primeSingleCellcDNA_Rep1_Run1_demultiplexed_chr9_1_1000000_CTACAGGGTATGAGCT,cluster0
GIS_cellMix_HepG2-A549-H9-HEYA8_5primeSingleCellcDNA_Rep1_Run1_demultiplexed_chr9_1_1000000_CTCACGCTCCCAAAGC,cluster0
GIS_cellMix_HepG2-A549-H9-HEYA8_5primeSingleCellcDNA_Rep1_Run1_demultiplexed_chr9_1_1000000_GCACAGCGTACGTTGG,cluster0
GIS_cellMix_HepG2-A549-H9-HEYA8_5primeSingleCellcDNA_Rep1_Run1_demultiplexed_chr9_1_1000000_GCATAGACAGGCACTC,cluster0
GIS_cellMix_HepG2-A549-H9-HEYA8_5primeSingleCellcDNA_Rep1_Run1_demultiplexed_chr9_1_1000000_GCCTTCGGTACTAATG,cluster0
GIS_cellMix_HepG2-A549-H9-HEYA8_5primeSingleCellcDNA_Rep1_Run1_demultiplexed_chr9_1_1000000_GCGAAGCAGAGTTAGA,cluster0
GIS_cellMix_HepG2-A549-H9-HEYA8_5primeSingleCellcDNA_Rep1_Run1_demultiplexed_chr9_1_1000000_GCGGATAAGACTCGAC,cluster0
GIS_cellMix_HepG2-A549-H9-HEYA8_5primeSingleCellcDNA_Rep1_Run1_demultiplexed_chr9_1_1000000_GCGTAGCGTCTAAGGT,cluster0
GIS_cellMix_HepG2-A549-H9-HEYA8_5primeSingleCellcDNA_Rep1_Run1_demultiplexed_chr9_1_1000000_GCTGGCATCCCTATTA,cluster0
GIS_cellMix_HepG2-A549-H9-HEYA8_5primeSingleCellcDNA_Rep1_Run1_demultiplexed_chr9_1_1000000_GGAGTGGGTAATGTCA,cluster0
GIS_cellMix_HepG2-A549-H9-HEYA8_5primeSingleCellcDNA_Rep1_Run1_demultiplexed_chr9_1_1000000_GGTACTATCCGTTACT,cluster0
GIS_cellMix_HepG2-A549-H9-HEYA8_5primeSingleCellcDNA_Rep1_Run1_demultiplexed_chr9_1_1000000_GGTCAGCGTCAGTTGG,cluster0
GIS_cellMix_HepG2-A549-H9-HEYA8_5primeSingleCellcDNA_Rep1_Run1_demultiplexed_chr9_1_1000000_GTAATGAAGCGCTCGA,cluster0
GIS_cellMix_HepG2-A549-H9-HEYA8_5primeSingleCellcDNA_Rep1_Run1_demultiplexed_chr9_1_1000000_GTCGTAGGTAGCATCG,cluster0
GIS_cellMix_HepG2-A549-H9-HEYA8_5primeSingleCellcDNA_Rep1_Run1_demultiplexed_chr9_1_1000000_GTGTTCGCACAGGTCC,cluster0
GIS_cellMix_HepG2-A549-H9-HEYA8_5primeSingleCellcDNA_Rep1_Run1_demultiplexed_chr9_1_1000000_GTTCACTTCGCTAATG,cluster0
GIS_cellMix_HepG2-A549-H9-HEYA8_5primeSingleCellcDNA_Rep1_Run1_demultiplexed_chr9_1_1000000_ACAGGACCAACATGGA,cluster1
GIS_cellMix_HepG2-A549-H9-HEYA8_5primeSingleCellcDNA_Rep1_Run1_demultiplexed_chr9_1_1000000_AGCGGACAGATGAGTA,cluster1
GIS_cellMix_HepG2-A549-H9-HEYA8_5primeSingleCellcDNA_Rep1_Run1_demultiplexed_chr9_1_1000000_AGCGTGTTCACAACAT,cluster1
GIS_cellMix_HepG2-A549-H9-HEYA8_5primeSingleCellcDNA_Rep1_Run1_demultiplexed_chr9_1_1000000_AGGCACAAGGCTCAAC,cluster1
GIS_cellMix_HepG2-A549-H9-HEYA8_5primeSingleCellcDNA_Rep1_Run1_demultiplexed_chr9_1_1000000_AGGGCTTTCGTTCGGG,cluster1
GIS_cellMix_HepG2-A549-H9-HEYA8_5primeSingleCellcDNA_Rep1_Run1_demultiplexed_chr9_1_1000000_AGTAATCTCAACCCAA,cluster1
GIS_cellMix_HepG2-A549-H9-HEYA8_5primeSingleCellcDNA_Rep1_Run1_demultiplexed_chr9_1_1000000_ATAGTGCGTAATGTTG,cluster1
GIS_cellMix_HepG2-A549-H9-HEYA8_5primeSingleCellcDNA_Rep1_Run1_demultiplexed_chr9_1_1000000_ATCTTGGAGCCACTAA,cluster1
GIS_cellMix_HepG2-A549-H9-HEYA8_5primeSingleCellcDNA_Rep1_Run1_demultiplexed_chr9_1_1000000_CAGTATTAGCAAGACG,cluster1
GIS_cellMix_HepG2-A549-H9-HEYA8_5primeSingleCellcDNA_Rep1_Run1_demultiplexed_chr9_1_1000000_CCACTCTCACGCAACC,cluster1
GIS_cellMix_HepG2-A549-H9-HEYA8_5primeSingleCellcDNA_Rep1_Run1_demultiplexed_chr9_1_1000000_CTTAACCTCCTGGTAA,cluster1
GIS_cellMix_HepG2-A549-H9-HEYA8_5primeSingleCellcDNA_Rep1_Run1_demultiplexed_chr9_1_1000000_GCATTCGCACCAGGCT,cluster1
GIS_cellMix_HepG2-A549-H9-HEYA8_5primeSingleCellcDNA_Rep1_Run1_demultiplexed_chr9_1_1000000_GCCAACCCAAAACGGC,cluster1
GIS_cellMix_HepG2-A549-H9-HEYA8_5primeSingleCellcDNA_Rep1_Run1_demultiplexed_chr9_1_1000000_GCTTACTTCGCTACTT,cluster1
GIS_cellMix_HepG2-A549-H9-HEYA8_5primeSingleCellcDNA_Rep1_Run1_demultiplexed_chr9_1_1000000_GGACATGAGACAGAAC,cluster1
GIS_cellMix_HepG2-A549-H9-HEYA8_5primeSingleCellcDNA_Rep1_Run1_demultiplexed_chr9_1_1000000_GGCCTGGGTGTGCATG,cluster1
GIS_cellMix_HepG2-A549-H9-HEYA8_5primeSingleCellcDNA_Rep1_Run1_demultiplexed_chr9_1_1000000_GGCGCAACAAAGCTCT,cluster1
GIS_cellMix_HepG2-A549-H9-HEYA8_5primeSingleCellcDNA_Rep1_Run1_demultiplexed_chr9_1_1000000_GGGCAATCACCGACAC,cluster1
GIS_cellMix_HepG2-A549-H9-HEYA8_5primeSingleCellcDNA_Rep1_Run1_demultiplexed_chr9_1_1000000_GTATCCCGTAAAGCCT,cluster1
GIS_cellMix_HepG2-A549-H9-HEYA8_5primeSingleCellcDNA_Rep1_Run1_demultiplexed_chr9_1_1000000_AAACCTCCAAGACAGC,cluster2
GIS_cellMix_HepG2-A549-H9-HEYA8_5primeSingleCellcDNA_Rep1_Run1_demultiplexed_chr9_1_1000000_AACGGCGCAACTTCAA,cluster2
GIS_cellMix_HepG2-A549-H9-HEYA8_5primeSingleCellcDNA_Rep1_Run1_demultiplexed_chr9_1_1000000_ACAAGTAAGCACAGGA,cluster2
GIS_cellMix_HepG2-A549-H9-HEYA8_5primeSingleCellcDNA_Rep1_Run1_demultiplexed_chr9_1_1000000_ACCACTCGTACCTGCT,cluster2
GIS_cellMix_HepG2-A549-H9-HEYA8_5primeSingleCellcDNA_Rep1_Run1_demultiplexed_chr9_1_1000000_ACTCATACAACCAAGA,cluster2
GIS_cellMix_HepG2-A549-H9-HEYA8_5primeSingleCellcDNA_Rep1_Run1_demultiplexed_chr9_1_1000000_ACTGGGGCAAGACAGC,cluster2
GIS_cellMix_HepG2-A549-H9-HEYA8_5primeSingleCellcDNA_Rep1_Run1_demultiplexed_chr9_1_1000000_AGCATCGGTCAATGCG,cluster2
GIS_cellMix_HepG2-A549-H9-HEYA8_5primeSingleCellcDNA_Rep1_Run1_demultiplexed_chr9_1_1000000_AGCCCCTTCACCAACA,cluster2
GIS_cellMix_HepG2-A549-H9-HEYA8_5primeSingleCellcDNA_Rep1_Run1_demultiplexed_chr9_1_1000000_AGCTGATGTACCTATT,cluster2
GIS_cellMix_HepG2-A549-H9-HEYA8_5primeSingleCellcDNA_Rep1_Run1_demultiplexed_chr9_1_1000000_CAATCGGGTACAAGCT,cluster2
GIS_cellMix_HepG2-A549-H9-HEYA8_5primeSingleCellcDNA_Rep1_Run1_demultiplexed_chr9_1_1000000_CATACCGCAATGGCGG,cluster2
GIS_cellMix_HepG2-A549-H9-HEYA8_5primeSingleCellcDNA_Rep1_Run1_demultiplexed_chr9_1_1000000_CCCATTGTCACGCGCA,cluster2
GIS_cellMix_HepG2-A549-H9-HEYA8_5primeSingleCellcDNA_Rep1_Run1_demultiplexed_chr9_1_1000000_CGCAATATCGGCGTAT,cluster2
GIS_cellMix_HepG2-A549-H9-HEYA8_5primeSingleCellcDNA_Rep1_Run1_demultiplexed_chr9_1_1000000_CGCATAGGTGTAATTG,cluster2
GIS_cellMix_HepG2-A549-H9-HEYA8_5primeSingleCellcDNA_Rep1_Run1_demultiplexed_chr9_1_1000000_CGCCAACCACCCACAA,cluster2
GIS_cellMix_HepG2-A549-H9-HEYA8_5primeSingleCellcDNA_Rep1_Run1_demultiplexed_chr9_1_1000000_CGGTCATAGCACCTAA,cluster2
GIS_cellMix_HepG2-A549-H9-HEYA8_5primeSingleCellcDNA_Rep1_Run1_demultiplexed_chr9_1_1000000_CGTAATTAGGTGTCCG,cluster2
GIS_cellMix_HepG2-A549-H9-HEYA8_5primeSingleCellcDNA_Rep1_Run1_demultiplexed_chr9_1_1000000_CTATAAGGTACGGATT,cluster2
GIS_cellMix_HepG2-A549-H9-HEYA8_5primeSingleCellcDNA_Rep1_Run1_demultiplexed_chr9_1_1000000_CTATAGCCACAATGTC,cluster2
GIS_cellMix_HepG2-A549-H9-HEYA8_5primeSingleCellcDNA_Rep1_Run1_demultiplexed_chr9_1_1000000_GCAAAGTAGCGTGAAG,cluster2
GIS_cellMix_HepG2-A549-H9-HEYA8_5primeSingleCellcDNA_Rep1_Run1_demultiplexed_chr9_1_1000000_GGAGTTGAGGTGCCCA,cluster2
GIS_cellMix_HepG2-A549-H9-HEYA8_5primeSingleCellcDNA_Rep1_Run1_demultiplexed_chr9_1_1000000_GTCCATGCACCACTCT,cluster2
GIS_cellMix_HepG2-A549-H9-HEYA8_5primeSingleCellcDNA_Rep1_Run1_demultiplexed_chr9_1_1000000_AACCGCAGTGCGCCTC,cluster3
GIS_cellMix_HepG2-A549-H9-HEYA8_5primeSingleCellcDNA_Rep1_Run1_demultiplexed_chr9_1_1000000_AACTAAGAGCCAAAGG,cluster3
GIS_cellMix_HepG2-A549-H9-HEYA8_5primeSingleCellcDNA_Rep1_Run1_demultiplexed_chr9_1_1000000_AAGTACGCACAGTTTA,cluster3
GIS_cellMix_HepG2-A549-H9-HEYA8_5primeSingleCellcDNA_Rep1_Run1_demultiplexed_chr9_1_1000000_AATCAAGAGCATCTAG,cluster3
GIS_cellMix_HepG2-A549-H9-HEYA8_5primeSingleCellcDNA_Rep1_Run1_demultiplexed_chr9_1_1000000_ACCTGCTGTAATTGGC,cluster3
GIS_cellMix_HepG2-A549-H9-HEYA8_5primeSingleCellcDNA_Rep1_Run1_demultiplexed_chr9_1_1000000_ACTGCATCACTCGACA,cluster3
GIS_cellMix_HepG2-A549-H9-HEYA8_5primeSingleCellcDNA_Rep1_Run1_demultiplexed_chr9_1_1000000_AGCCTTCGTAGGAAAT,cluster3
GIS_cellMix_HepG2-A549-H9-HEYA8_5primeSingleCellcDNA_Rep1_Run1_demultiplexed_chr9_1_1000000_AGGGTATAGCTTAAGT,cluster3
GIS_cellMix_HepG2-A549-H9-HEYA8_5primeSingleCellcDNA_Rep1_Run1_demultiplexed_chr9_1_1000000_CTCTCCGCACATAACC,cluster3
GIS_cellMix_HepG2-A549-H9-HEYA8_5primeSingleCellcDNA_Rep1_Run1_demultiplexed_chr9_1_1000000_GCATACATCATGACCA,cluster3
GIS_cellMix_HepG2-A549-H9-HEYA8_5primeSingleCellcDNA_Rep1_Run1_demultiplexed_chr9_1_1000000_GCTACATCACAATCAC,cluster3
GIS_cellMix_HepG2-A549-H9-HEYA8_5primeSingleCellcDNA_Rep1_Run1_demultiplexed_chr9_1_1000000_GGGAGATGTAGTCTCC,cluster3
